{
"lengthUnit": "mil",
"components": {
	"fields": ["COMPONENT_NO", "COMPONENT_NAME", "LAYER", "X_COORDINATE", "Y_COORDINATE", "ANGLE"],
	"rows": [
		[1, "BOOT", "T", 1219.53, 128.5, 180],
		[2, "C9", "T", 1627.72, 367.87, 90],
		[3, "C10", "T", 1559.69, 367.87, 90],
		[4, "C12", "T", 2141.74, 180.31, 90],
		[5, "C14", "T", 890, 370, 270],
		[6, "C15", "T", 864.25, 249.45, 180],
		[7, "C22", "T", 818.9, 370.39, 270],
		[8, "C23", "T", 990, 325, 90],
		[9, "C24", "T", 1453.86, 330.08, 270],
		[10, "C25", "T", 1022.99, -95.75, 90],
		[11, "C26", "T", 894.49, -95.75, 90],
		[12, "C27", "T", 1262.36, 352.76, 0],
		[13, "C28", "T", 1254.81, 37.8, 0],
		[14, "C29", "T", 405.67, 254.49, 180],
		[15, "C30", "T", 478.74, 138.58, 270],
		[16, "C31", "T", 476.22, 377.95, 270],
		[17, "C32", "T", 309.92, 277.17, 90],
		[18, "C33", "T", 209.13, 131.02, 90],
		[19, "C34", "T", 153.7, 199.06, 0],
		[20, "C35", "T", 2035.91, 180.31, 90],
		[21, "C36", "T", 1705.83, 85.67, 0],
		[22, "C39", "T", 758.43, 413.23, 90],
		[23, "C40", "T", 534.17, 413.23, 270],
		[24, "Gnd", "T", 2045.99, 448.5, 0],
		[25, "H2", "B", 1850, 0, 0],
		[26, "H3", "B", 350, 0, 0],
		[27, "IO14", "T", 1874.45, 449.26, 0],
		[28, "L4", "T", 360.32, 204.09, 180],
		[29, "L6", "T", 259.53, 204.09, 180],
		[30, "L7", "T", 405.67, 156.22, 180],
		[31, "L8", "T", 476.22, 277.17, 270],
		[32, "L9", "T", 2086.3, 191.5, 180],
		[33, "LED4", "T", 35, -170, 0],
		[34, "LED5", "T", 2260, -170, 180],
		[35, "R24", "T", 1368.19, 148.66, 270],
		[36, "R25", "T", 1355.59, 367.87, 90],
		[37, "R28", "T", 1509.68, 177.6, 0],
		[38, "R29", "T", 1509.68, 127.6, 0],
		[39, "R31", "T", 125, -170, 180],
		[40, "R32", "T", 617.32, 62.99, 0],
		[41, "R33", "T", 2170, -170, 0],
		[42, "RESET", "T", 1219.53, 262.05, 180],
		[43, "RF3", "T", 2313.08, 190, 0],
		[44, "RF4", "T", -10, 190, 180],
		[45, "RX", "T", 1600, 176.38, 180],
		[46, "SDIO", "T", 1695.55, 369.57, 0],
		[47, "SW3", "T", 589.61, -146.14, 0],
		[48, "SW4", "T", 1510, -146.14, 0],
		[49, "TX", "T", 1600, 128.5, 180],
		[50, "U4", "T", 1860, 280, 90],
		[51, "U5", "T", 620, 200, 180],
		[52, "Vcc", "T", 1591.3, 446.74, 0],
		[53, "Vcc_CC", "T", 141.1, -131.02, 0],
		[54, "Vcc_ESP", "T", 2151.82, -131.02, 0],
		[55, "X5", "T", 642.52, 393.07, 180]
	]
},
"pins": {
	"fields": ["PIN_NO", "PIN_NAME", "PIN_X", "PIN_Y", "LAYER", "PIN_TYPE", "NET_NAME", "NET_TYPE", "PAD_SHAPE", "PAD_SIZEX", "PAD_SIZEY", "HOLE_SIZE", "PAD_ANGLE"],
	"rows": [
		[1, "BOOT_1", 1305.55, 128.5, "T", "SMD", "GPIO0", "", "R", 48.42, 53.54, 0, 180],
		[2, "BOOT_2", 1133.51, 128.5, "T", "SMD", "GND", "GND", "R", 48.42, 53.54, 0, 180],
		[3, "C9_1", 1627.72, 340.31, "T", "SMD", "GND", "GND", "R", 31.5, 35.43, 0, 90],
		[4, "C9_2", 1627.72, 395.43, "T", "SMD", "ESP_POWER", "", "R", 31.5, 35.43, 0, 90],
		[5, "C10_1", 1559.69, 340.31, "T", "SMD", "GND", "GND", "R", 31.5, 35.43, 0, 90],
		[6, "C10_2", 1559.69, 395.43, "T", "SMD", "ESP_POWER", "", "R", 31.5, 35.43, 0, 90],
		[7, "C12_1", 2141.74, 169.52, "T", "SMD", "GND", "GND", "O", 14.51, 12.76, 0, 90],
		[8, "C12_2", 2141.74, 191.12, "T", "SMD", "$1N3299", "", "O", 14.51, 12.76, 0, 90],
		[9, "C14_1", 890, 397.56, "T", "SMD", "GND", "GND", "R", 31.5, 35.43, 0, 270],
		[10, "C14_2", 890, 342.44, "T", "SMD", "CC_POWER", "", "R", 31.5, 35.43, 0, 270],
		[11, "C15_1", 891.81, 249.45, "T", "SMD", "GND", "GND", "R", 31.5, 35.43, 0, 180],
		[12, "C15_2", 836.69, 249.45, "T", "SMD", "$1N5430", "", "R", 31.5, 35.43, 0, 180],
		[13, "C22_1", 818.9, 397.95, "T", "SMD", "GND", "GND", "R", 31.5, 35.43, 0, 270],
		[14, "C22_2", 818.9, 342.83, "T", "SMD", "CC_POWER", "", "R", 31.5, 35.43, 0, 270],
		[15, "C23_1", 990, 251.75, "T", "SMD", "CC_POWER", "", "R", 59.3, 93.54, 0, 270],
		[16, "C23_2", 990, 398.25, "T", "SMD", "GND", "GND", "R", 59.3, 93.54, 0, 270],
		[17, "C24_1", 1453.86, 390.08, "T", "SMD", "ESP_POWER", "", "R", 59.3, 93.54, 0, 90],
		[18, "C24_2", 1453.86, 270.08, "T", "SMD", "GND", "GND", "R", 59.3, 93.54, 0, 90],
		[19, "C25_1", 1022.99, -169, "T", "SMD", "3V3", "", "R", 59.3, 93.54, 0, 270],
		[20, "C25_2", 1022.99, -22.5, "T", "SMD", "GND", "GND", "R", 59.3, 93.54, 0, 270],
		[21, "C26_1", 894.49, -169, "T", "SMD", "3V3", "", "R", 59.3, 93.54, 0, 270],
		[22, "C26_2", 894.49, -22.5, "T", "SMD", "GND", "GND", "R", 59.3, 93.54, 0, 270],
		[23, "C27_1", 1240.9, 352.76, "T", "SMD", "GND", "GND", "R", 31.11, 21.26, 0, 0],
		[24, "C27_2", 1283.82, 352.76, "T", "SMD", "EN", "", "R", 31.11, 21.26, 0, 0],
		[25, "C28_1", 1233.35, 37.8, "T", "SMD", "GND", "GND", "R", 31.11, 21.26, 0, 0],
		[26, "C28_2", 1276.27, 37.8, "T", "SMD", "GPIO0", "", "R", 31.11, 21.26, 0, 0],
		[27, "C29_1", 427.13, 254.49, "T", "SMD", "$1N5734", "", "O", 31.11, 21.26, 0, 180],
		[28, "C29_2", 384.21, 254.49, "T", "SMD", "$1N5647", "", "O", 31.11, 21.26, 0, 180],
		[29, "C30_1", 478.74, 160.04, "T", "SMD", "$1N5564", "", "O", 31.11, 21.26, 0, 270],
		[30, "C30_2", 478.74, 117.12, "T", "SMD", "GND", "GND", "R", 31.11, 21.26, 0, 270],
		[31, "C31_1", 476.22, 399.41, "T", "SMD", "GND", "GND", "R", 31.11, 21.26, 0, 270],
		[32, "C31_2", 476.22, 356.49, "T", "SMD", "$1N20620", "", "O", 31.11, 21.26, 0, 270],
		[33, "C32_1", 309.92, 255.71, "T", "SMD", "$1N5692", "", "O", 31.11, 21.26, 0, 90],
		[34, "C32_2", 309.92, 298.63, "T", "SMD", "GND", "GND", "R", 31.11, 21.26, 0, 90],
		[35, "C33_1", 209.13, 109.56, "T", "SMD", "GND", "GND", "R", 31.11, 21.26, 0, 90],
		[36, "C33_2", 209.13, 152.48, "T", "SMD", "$1N5764", "", "O", 31.11, 21.26, 0, 90],
		[37, "C34_1", 132.24, 199.06, "T", "SMD", "$1N6120", "", "O", 31.11, 21.26, 0, 0],
		[38, "C34_2", 175.16, 199.06, "T", "SMD", "$1N5764", "", "O", 31.11, 21.26, 0, 0],
		[39, "C35_1", 2035.91, 169.52, "T", "SMD", "GND", "GND", "O", 14.51, 12.76, 0, 90],
		[40, "C35_2", 2035.91, 191.12, "T", "SMD", "$1N3304", "", "O", 14.51, 12.76, 0, 90],
		[41, "C36_1", 1678.27, 85.67, "T", "SMD", "GND", "GND", "R", 31.5, 35.43, 0, 0],
		[42, "C36_2", 1733.39, 85.67, "T", "SMD", "ESP_POWER", "", "R", 31.5, 35.43, 0, 0],
		[43, "C39_1", 758.43, 391.77, "T", "SMD", "GND", "GND", "R", 31.11, 21.26, 0, 90],
		[44, "C39_2", 758.43, 434.69, "T", "SMD", "$1N4890", "", "R", 31.11, 21.26, 0, 90],
		[45, "C40_1", 534.17, 434.69, "T", "SMD", "GND", "GND", "R", 31.11, 21.26, 0, 270],
		[46, "C40_2", 534.17, 391.77, "T", "SMD", "$1N4895", "", "R", 31.11, 21.26, 0, 270],
		[47, "Gnd_1", 2045.99, 448.5, "T", "SMD", "GND", "GND", "C", 23.62, 23.62, 0, 0],
		[48, "H2_1", 1400, 0, "T", "DIP", "3V3", "", "C", 70.87, 70.87, 43.31, 0],
		[49, "H2_1", 1400, 0, "B", "DIP", "3V3", "", "C", 70.87, 70.87, 43.31, 0],
		[50, "H2_2", 1500, 0, "T", "DIP", "H2_2", "", "C", 70.87, 70.87, 43.31, 0],
		[51, "H2_2", 1500, 0, "B", "DIP", "H2_2", "", "C", 70.87, 70.87, 43.31, 0],
		[52, "H2_3", 1600, 0, "T", "DIP", "GND", "GND", "C", 70.87, 70.87, 43.31, 0],
		[53, "H2_3", 1600, 0, "B", "DIP", "GND", "GND", "C", 70.87, 70.87, 43.31, 0],
		[54, "H2_4", 1700, 0, "T", "DIP", "H2_4", "", "C", 70.87, 70.87, 43.31, 0],
		[55, "H2_4", 1700, 0, "B", "DIP", "H2_4", "", "C", 70.87, 70.87, 43.31, 0],
		[56, "H2_5", 1800, 0, "T", "DIP", "RX", "", "C", 70.87, 70.87, 43.31, 0],
		[57, "H2_5", 1800, 0, "B", "DIP", "RX", "", "C", 70.87, 70.87, 43.31, 0],
		[58, "H2_6", 1900, 0, "T", "DIP", "TX", "", "C", 70.87, 70.87, 43.31, 0],
		[59, "H2_6", 1900, 0, "B", "DIP", "TX", "", "C", 70.87, 70.87, 43.31, 0],
		[60, "H2_7", 2000, 0, "T", "DIP", "H2_7", "", "C", 70.87, 70.87, 43.31, 0],
		[61, "H2_7", 2000, 0, "B", "DIP", "H2_7", "", "C", 70.87, 70.87, 43.31, 0],
		[62, "H2_8", 2100, 0, "T", "DIP", "H2_8", "", "C", 70.87, 70.87, 43.31, 0],
		[63, "H2_8", 2100, 0, "B", "DIP", "H2_8", "", "C", 70.87, 70.87, 43.31, 0],
		[64, "H2_9", 2200, 0, "T", "DIP", "H2_9", "", "C", 70.87, 70.87, 43.31, 0],
		[65, "H2_9", 2200, 0, "B", "DIP", "H2_9", "", "C", 70.87, 70.87, 43.31, 0],
		[66, "H2_10", 2300, 0, "T", "DIP", "GND", "GND", "C", 70.87, 70.87, 43.31, 0],
		[67, "H2_10", 2300, 0, "B", "DIP", "GND", "GND", "C", 70.87, 70.87, 43.31, 0],
		[68, "H3_1", 0, 0, "T", "DIP", "H3_1", "", "C", 70.87, 70.87, 39.37, 0],
		[69, "H3_1", 0, 0, "B", "DIP", "H3_1", "", "C", 70.87, 70.87, 39.37, 0],
		[70, "H3_2", 100, 0, "T", "DIP", "CC_SI", "", "C", 70.87, 70.87, 39.37, 0],
		[71, "H3_2", 100, 0, "B", "DIP", "CC_SI", "", "C", 70.87, 70.87, 39.37, 0],
		[72, "H3_3", 200, 0, "T", "DIP", "CC_SO", "", "C", 70.87, 70.87, 39.37, 0],
		[73, "H3_3", 200, 0, "B", "DIP", "CC_SO", "", "C", 70.87, 70.87, 39.37, 0],
		[74, "H3_4", 300, 0, "T", "DIP", "CC_CS", "", "C", 70.87, 70.87, 39.37, 0],
		[75, "H3_4", 300, 0, "B", "DIP", "CC_CS", "", "C", 70.87, 70.87, 39.37, 0],
		[76, "H3_5", 400, 0, "T", "DIP", "CC_SCLK", "", "C", 70.87, 70.87, 39.37, 0],
		[77, "H3_5", 400, 0, "B", "DIP", "CC_SCLK", "", "C", 70.87, 70.87, 39.37, 0],
		[78, "H3_6", 500, 0, "T", "DIP", "CC_GDO0", "", "C", 70.87, 70.87, 39.37, 0],
		[79, "H3_6", 500, 0, "B", "DIP", "CC_GDO0", "", "C", 70.87, 70.87, 39.37, 0],
		[80, "H3_7", 600, 0, "T", "DIP", "H3_7", "", "C", 70.87, 70.87, 39.37, 0],
		[81, "H3_7", 600, 0, "B", "DIP", "H3_7", "", "C", 70.87, 70.87, 39.37, 0],
		[82, "H3_8", 700, 0, "T", "DIP", "GND", "GND", "C", 70.87, 70.87, 39.37, 0],
		[83, "H3_8", 700, 0, "B", "DIP", "GND", "GND", "C", 70.87, 70.87, 39.37, 0],
		[84, "IO14_1", 1874.45, 449.26, "T", "SMD", "$1N27806", "", "C", 23.62, 23.62, 0, 0],
		[85, "L4_1", 381.78, 204.09, "T", "SMD", "$1N5647", "", "O", 31.11, 21.26, 0, 180],
		[86, "L4_2", 338.86, 204.09, "T", "SMD", "$1N5692", "", "O", 31.11, 21.26, 0, 180],
		[87, "L6_1", 280.99, 204.09, "T", "SMD", "$1N5692", "", "O", 31.11, 21.26, 0, 180],
		[88, "L6_2", 238.07, 204.09, "T", "SMD", "$1N5764", "", "O", 31.11, 21.26, 0, 180],
		[89, "L7_1", 427.13, 156.22, "T", "SMD", "$1N5564", "", "O", 31.11, 21.26, 0, 180],
		[90, "L7_2", 384.21, 156.22, "T", "SMD", "$1N5647", "", "O", 31.11, 21.26, 0, 180],
		[91, "L8_1", 476.22, 298.63, "T", "SMD", "$1N20620", "", "O", 31.11, 21.26, 0, 270],
		[92, "L8_2", 476.22, 255.71, "T", "SMD", "$1N5734", "", "O", 31.11, 21.26, 0, 270],
		[93, "L9_1", 2097.1, 191.5, "T", "SMD", "$1N3299", "", "O", 14.51, 12.76, 0, 180],
		[94, "L9_2", 2075.5, 191.5, "T", "SMD", "$1N3304", "", "O", 14.51, 12.76, 0, 180],
		[95, "LED4_1", 14.99, -170, "T", "SMD", "GND", "GND", "R", 25.06, 21.26, 0, 0],
		[96, "LED4_2", 55.01, -170, "T", "SMD", "$1N4251", "", "R", 25.06, 21.26, 0, 0],
		[97, "LED5_1", 2280.01, -170, "T", "SMD", "GND", "GND", "R", 25.06, 21.26, 0, 180],
		[98, "LED5_2", 2239.99, -170, "T", "SMD", "$1N6387", "", "R", 25.06, 21.26, 0, 180],
		[99, "R24_1", 1368.19, 178.32, "T", "SMD", "GPIO0", "", "R", 31.75, 34.02, 0, 270],
		[100, "R24_2", 1368.19, 119, "T", "SMD", "ESP_POWER", "", "R", 31.75, 34.02, 0, 270],
		[101, "R25_1", 1355.59, 338.21, "T", "SMD", "EN", "", "R", 31.75, 34.02, 0, 90],
		[102, "R25_2", 1355.59, 397.53, "T", "SMD", "ESP_POWER", "", "R", 31.75, 34.02, 0, 90],
		[103, "R28_1", 1492.64, 177.6, "T", "SMD", "ESP_POWER", "", "R", 22.27, 21.26, 0, 0],
		[104, "R28_2", 1526.73, 177.6, "T", "SMD", "$1N19", "", "R", 22.27, 21.26, 0, 0],
		[105, "R29_1", 1492.64, 127.6, "T", "SMD", "ESP_POWER", "", "R", 22.27, 21.26, 0, 0],
		[106, "R29_2", 1526.73, 127.6, "T", "SMD", "$1N20", "", "R", 22.27, 21.26, 0, 0],
		[107, "R31_1", 142.04, -170, "T", "SMD", "CC_POWER", "", "R", 22.27, 21.26, 0, 180],
		[108, "R31_2", 107.96, -170, "T", "SMD", "$1N4251", "", "R", 22.27, 21.26, 0, 180],
		[109, "R32_1", 600.28, 62.99, "T", "SMD", "$1N5338", "", "R", 22.27, 21.26, 0, 0],
		[110, "R32_2", 634.36, 62.99, "T", "SMD", "GND", "GND", "R", 22.27, 21.26, 0, 0],
		[111, "R33_1", 2152.96, -170, "T", "SMD", "ESP_POWER", "", "R", 22.27, 21.26, 0, 0],
		[112, "R33_2", 2187.04, -170, "T", "SMD", "$1N6387", "", "R", 22.27, 21.26, 0, 0],
		[113, "RESET_1", 1305.55, 262.05, "T", "SMD", "EN", "", "R", 48.42, 53.54, 0, 180],
		[114, "RESET_2", 1133.51, 262.05, "T", "SMD", "GND", "GND", "R", 48.42, 53.54, 0, 180],
		[115, "RF3_1", 2313.08, 89.61, "T", "SMD", "GND", "GND", "R", 188.98, 47.24, 0, 0],
		[116, "RF3_2", 2313.08, 290.39, "T", "SMD", "GND", "GND", "R", 188.98, 47.24, 0, 0],
		[117, "RF3_3", 2313.08, 290.39, "B", "SMD", "GND", "GND", "R", 188.98, 47.24, 0, 0],
		[118, "RF3_4", 2313.08, 89.6, "B", "SMD", "GND", "GND", "R", 188.98, 47.24, 0, 0],
		[119, "RF3_5", 2313.08, 190, "T", "SMD", "$1N3299", "", "O", 188.98, 47.24, 0, 0],
		[120, "RF4_1", -10, 290.38, "T", "SMD", "GND", "GND", "R", 188.98, 47.24, 0, 180],
		[121, "RF4_2", -10, 89.6, "T", "SMD", "GND", "GND", "R", 188.98, 47.24, 0, 180],
		[122, "RF4_3", -10, 89.6, "B", "SMD", "GND", "GND", "R", 188.98, 47.24, 0, 180],
		[123, "RF4_4", -10, 290.39, "B", "SMD", "GND", "GND", "R", 188.98, 47.24, 0, 180],
		[124, "RF4_5", -10, 190, "T", "SMD", "$1N6120", "", "O", 188.98, 47.24, 0, 180],
		[125, "RX_1", 1620.01, 176.38, "T", "SMD", "RX", "", "R", 25.06, 21.26, 0, 180],
		[126, "RX_2", 1579.99, 176.38, "T", "SMD", "$1N19", "", "R", 25.06, 21.26, 0, 180],
		[127, "SDIO_1", 1695.55, 369.57, "T", "SMD", "$1N27764", "", "C", 23.62, 23.62, 0, 0],
		[128, "SW3_1", 491.18, -146.14, "T", "DIP", "SW3_1", "", "O", 43.31, 59.05, 39.37, 90],
		[129, "SW3_1", 491.18, -146.14, "B", "DIP", "SW3_1", "", "O", 43.31, 59.05, 39.37, 90],
		[130, "SW3_2", 589.6, -146.14, "T", "DIP", "3V3", "", "O", 43.31, 59.05, 39.37, 90],
		[131, "SW3_2", 589.6, -146.14, "B", "DIP", "3V3", "", "O", 43.31, 59.05, 39.37, 90],
		[132, "SW3_3", 688.03, -146.14, "T", "DIP", "CC_POWER", "", "O", 43.31, 59.05, 39.37, 90],
		[133, "SW3_3", 688.03, -146.14, "B", "DIP", "CC_POWER", "", "O", 43.31, 59.05, 39.37, 90],
		[134, "SW4_1", 1411.58, -146.14, "T", "DIP", "SW4_1", "", "O", 43.31, 59.05, 39.37, 90],
		[135, "SW4_1", 1411.58, -146.14, "B", "DIP", "SW4_1", "", "O", 43.31, 59.05, 39.37, 90],
		[136, "SW4_2", 1510, -146.14, "T", "DIP", "3V3", "", "O", 43.31, 59.05, 39.37, 90],
		[137, "SW4_2", 1510, -146.14, "B", "DIP", "3V3", "", "O", 43.31, 59.05, 39.37, 90],
		[138, "SW4_3", 1608.42, -146.14, "T", "DIP", "ESP_POWER", "", "O", 43.31, 59.05, 39.37, 90],
		[139, "SW4_3", 1608.42, -146.14, "B", "DIP", "ESP_POWER", "", "O", 43.31, 59.05, 39.37, 90],
		[140, "TX_1", 1620.01, 128.5, "T", "SMD", "TX", "", "R", 25.06, 21.26, 0, 180],
		[141, "TX_2", 1579.99, 128.5, "T", "SMD", "$1N20", "", "R", 25.06, 21.26, 0, 180],
		[142, "U4_1", 1994.94, 171.73, "T", "SMD", "ESP_POWER", "", "R", 11.02, 27.56, 0, 90],
		[143, "U4_2", 1994.94, 191.42, "T", "SMD", "$1N3304", "", "R", 11.02, 27.56, 0, 90],
		[144, "U4_3", 1994.94, 211.1, "T", "SMD", "ESP_POWER", "", "R", 11.02, 27.56, 0, 90],
		[145, "U4_4", 1994.94, 230.79, "T", "SMD", "ESP_POWER", "", "R", 11.02, 27.56, 0, 90],
		[146, "U4_5", 1994.94, 250.47, "T", "SMD", "U4_5", "", "R", 11.02, 27.56, 0, 90],
		[147, "U4_6", 1994.94, 270.16, "T", "SMD", "U4_6", "", "R", 11.02, 27.56, 0, 90],
		[148, "U4_7", 1994.94, 289.84, "T", "SMD", "U4_7", "", "R", 11.02, 27.56, 0, 90],
		[149, "U4_8", 1994.94, 309.53, "T", "SMD", "U4_8", "", "R", 11.02, 27.56, 0, 90],
		[150, "U4_9", 1994.94, 329.21, "T", "SMD", "EN", "", "R", 11.02, 27.56, 0, 90],
		[151, "U4_10", 1994.94, 348.9, "T", "SMD", "U4_10", "", "R", 11.02, 27.56, 0, 90],
		[152, "U4_11", 1994.94, 368.58, "T", "SMD", "U4_11", "", "R", 11.02, 27.56, 0, 90],
		[153, "U4_12", 1994.94, 388.27, "T", "SMD", "U4_12", "", "R", 11.02, 27.56, 0, 90],
		[154, "U4_13", 1968.27, 414.94, "T", "SMD", "U4_13", "", "R", 27.56, 11.02, 0, 90],
		[155, "U4_14", 1948.58, 414.94, "T", "SMD", "U4_14", "", "R", 27.56, 11.02, 0, 90],
		[156, "U4_15", 1928.9, 414.94, "T", "SMD", "U4_15", "", "R", 27.56, 11.02, 0, 90],
		[157, "U4_16", 1909.21, 414.94, "T", "SMD", "U4_16", "", "R", 27.56, 11.02, 0, 90],
		[158, "U4_17", 1889.53, 414.94, "T", "SMD", "U4_17", "", "R", 27.56, 11.02, 0, 90],
		[159, "U4_18", 1869.84, 414.94, "T", "SMD", "$1N27806", "", "R", 27.56, 11.02, 0, 90],
		[160, "U4_19", 1850.16, 414.94, "T", "SMD", "ESP_POWER", "", "R", 27.56, 11.02, 0, 90],
		[161, "U4_20", 1830.47, 414.94, "T", "SMD", "U4_20", "", "R", 27.56, 11.02, 0, 90],
		[162, "U4_21", 1810.79, 414.94, "T", "SMD", "U4_21", "", "R", 27.56, 11.02, 0, 90],
		[163, "U4_22", 1791.1, 414.94, "T", "SMD", "U4_22", "", "R", 27.56, 11.02, 0, 90],
		[164, "U4_23", 1771.42, 414.94, "T", "SMD", "GPIO0", "", "R", 27.56, 11.02, 0, 90],
		[165, "U4_24", 1751.73, 414.94, "T", "SMD", "U4_24", "", "R", 27.56, 11.02, 0, 90],
		[166, "U4_25", 1725.06, 388.27, "T", "SMD", "U4_25", "", "R", 11.02, 27.56, 0, 90],
		[167, "U4_26", 1725.06, 368.58, "T", "SMD", "$1N27764", "", "R", 11.02, 27.56, 0, 90],
		[168, "U4_27", 1725.06, 348.9, "T", "SMD", "U4_27", "", "R", 11.02, 27.56, 0, 90],
		[169, "U4_28", 1725.06, 329.21, "T", "SMD", "U4_28", "", "R", 11.02, 27.56, 0, 90],
		[170, "U4_29", 1725.06, 309.53, "T", "SMD", "U4_29", "", "R", 11.02, 27.56, 0, 90],
		[171, "U4_30", 1725.06, 289.84, "T", "SMD", "U4_30", "", "R", 11.02, 27.56, 0, 90],
		[172, "U4_31", 1725.06, 270.16, "T", "SMD", "U4_31", "", "R", 11.02, 27.56, 0, 90],
		[173, "U4_32", 1725.06, 250.47, "T", "SMD", "U4_32", "", "R", 11.02, 27.56, 0, 90],
		[174, "U4_33", 1725.06, 230.79, "T", "SMD", "U4_33", "", "R", 11.02, 27.56, 0, 90],
		[175, "U4_34", 1725.06, 211.1, "T", "SMD", "U4_34", "", "R", 11.02, 27.56, 0, 90],
		[176, "U4_35", 1725.06, 191.42, "T", "SMD", "U4_35", "", "R", 11.02, 27.56, 0, 90],
		[177, "U4_36", 1725.06, 171.73, "T", "SMD", "U4_36", "", "R", 11.02, 27.56, 0, 90],
		[178, "U4_37", 1751.73, 145.06, "T", "SMD", "ESP_POWER", "", "R", 27.56, 11.02, 0, 90],
		[179, "U4_38", 1771.42, 145.06, "T", "SMD", "U4_38", "", "R", 27.56, 11.02, 0, 90],
		[180, "U4_39", 1791.1, 145.06, "T", "SMD", "U4_39", "", "R", 27.56, 11.02, 0, 90],
		[181, "U4_40", 1810.79, 145.06, "T", "SMD", "RX", "", "R", 27.56, 11.02, 0, 90],
		[182, "U4_41", 1830.47, 145.06, "T", "SMD", "TX", "", "R", 27.56, 11.02, 0, 90],
		[183, "U4_42", 1850.16, 145.06, "T", "SMD", "U4_42", "", "R", 27.56, 11.02, 0, 90],
		[184, "U4_43", 1869.84, 145.06, "T", "SMD", "ESP_POWER", "", "R", 27.56, 11.02, 0, 90],
		[185, "U4_44", 1889.53, 145.06, "T", "SMD", "U4_44", "", "R", 27.56, 11.02, 0, 90],
		[186, "U4_45", 1909.21, 145.06, "T", "SMD", "U4_45", "", "R", 27.56, 11.02, 0, 90],
		[187, "U4_46", 1928.9, 145.06, "T", "SMD", "ESP_POWER", "", "R", 27.56, 11.02, 0, 90],
		[188, "U4_47", 1948.58, 145.06, "T", "SMD", "U4_47", "", "R", 27.56, 11.02, 0, 90],
		[189, "U4_48", 1968.27, 145.06, "T", "SMD", "U4_48", "", "R", 27.56, 11.02, 0, 90],
		[190, "U4_49", 1860, 280, "T", "SMD", "GND", "GND", "R", 200.79, 200.79, 0, 90],
		[191, "U5_1", 698.74, 160.63, "T", "SMD", "CC_SCLK", "", "O", 11.02, 31.5, 0, 270],
		[192, "U5_2", 698.74, 180.32, "T", "SMD", "CC_SO", "", "O", 11.02, 31.5, 0, 270],
		[193, "U5_3", 698.74, 200, "T", "SMD", "U5_3", "", "O", 11.02, 31.5, 0, 270],
		[194, "U5_4", 698.74, 219.69, "T", "SMD", "CC_POWER", "", "O", 11.02, 31.5, 0, 270],
		[195, "U5_5", 698.74, 239.37, "T", "SMD", "$1N5430", "", "O", 11.02, 31.5, 0, 270],
		[196, "U5_6", 659.37, 278.74, "T", "SMD", "CC_GDO0", "", "O", 11.02, 31.5, 0, 180],
		[197, "U5_7", 639.68, 278.74, "T", "SMD", "CC_CS", "", "O", 11.02, 31.5, 0, 180],
		[198, "U5_8", 620, 278.74, "T", "SMD", "$1N4890", "", "O", 11.02, 31.5, 0, 180],
		[199, "U5_9", 600.31, 278.74, "T", "SMD", "CC_POWER", "", "O", 11.02, 31.5, 0, 180],
		[200, "U5_10", 580.63, 278.74, "T", "SMD", "$1N4895", "", "O", 11.02, 31.5, 0, 180],
		[201, "U5_11", 541.26, 239.37, "T", "SMD", "CC_POWER", "", "O", 11.02, 31.5, 0, 270],
		[202, "U5_12", 541.26, 219.69, "T", "SMD", "$1N5734", "", "O", 11.02, 31.5, 0, 270],
		[203, "U5_13", 541.26, 200, "T", "SMD", "$1N5564", "", "O", 11.02, 31.5, 0, 270],
		[204, "U5_14", 541.26, 180.32, "T", "SMD", "CC_POWER", "", "O", 11.02, 31.5, 0, 270],
		[205, "U5_15", 541.26, 160.63, "T", "SMD", "CC_POWER", "", "O", 11.02, 31.5, 0, 270],
		[206, "U5_16", 580.63, 121.26, "T", "SMD", "GND", "GND", "O", 11.02, 31.5, 0, 180],
		[207, "U5_17", 600.31, 121.26, "T", "SMD", "$1N5338", "", "O", 11.02, 31.5, 0, 180],
		[208, "U5_18", 620, 121.26, "T", "SMD", "CC_POWER", "", "O", 11.02, 31.5, 0, 180],
		[209, "U5_19", 639.68, 121.26, "T", "SMD", "GND", "GND", "O", 11.02, 31.5, 0, 180],
		[210, "U5_20", 659.37, 121.26, "T", "SMD", "CC_SI", "", "O", 11.02, 31.5, 0, 180],
		[211, "U5_21", 620, 200, "T", "SMD", "GND", "GND", "R", 94.49, 94.49, 0, 180],
		[212, "Vcc_1", 1591.3, 446.74, "T", "SMD", "ESP_POWER", "", "C", 27.56, 27.56, 0, 0],
		[213, "Vcc_CC_1", 141.1, -131.02, "T", "SMD", "CC_POWER", "", "C", 23.62, 23.62, 0, 0],
		[214, "Vcc_ESP_1", 2151.82, -131.02, "T", "SMD", "ESP_POWER", "", "C", 23.62, 23.62, 0, 0],
		[215, "X5_1", 685.83, 426.54, "T", "SMD", "$1N4890", "", "R", 55.12, 47.24, 0, 180],
		[216, "X5_2", 599.21, 426.54, "T", "SMD", "GND", "GND", "R", 55.12, 47.24, 0, 180],
		[217, "X5_3", 599.21, 359.61, "T", "SMD", "$1N4895", "", "R", 55.12, 47.24, 0, 180],
		[218, "X5_4", 685.83, 359.61, "T", "SMD", "GND", "GND", "R", 55.12, 47.24, 0, 180]
	]
}
}